{"assets": ["sp500", "gold", "bonds"], "signals": [0.00951515747747629, -0.0333820347898663, 0.004663353689414188], "sizes": [0.09420005902701527, 0.08069413282888578, 0.046167201525200464], "weights": [0.4444444444444444, 0.5555555555555556, 0.0]}